{"cameraMode":{"drawMode":0,"name":"Shaded","section":"Shading Mode"},"sceneLighting":false,"audioPlay":false,"sceneViewState":{"m_AlwaysRefresh":false,"showFog":false,"showSkybox":false,"showFlares":false,"showImageEffects":false,"showParticleSystems":false,"showVisualEffectGraphs":true,"m_FxEnabled":true},"in2DMode":false,"pivot":{"x":-0.013463139533996582,"y":1.7926316261291505,"z":-0.03347557783126831},"rotation":{"x":-0.03770945966243744,"y":0.9489548802375794,"z":-0.12454638630151749,"w":-0.2873190939426422},"size":2.891000509262085,"orthographic":false}